Category,Best_Model,R2,Adjusted_R2
M003,Linear Reg,-3.4643938341992797,-39.179544507793516
M048,Gradient Boost,0.19623202648611737,-6.2339117616249435
M067,Random Forest,-1.2744375209661958,-19.46993768869576
M064,Elastic Net,-0.6883280309662136,-14.194952278695922
M013,Elastic Net,0.1859026114551917,-6.3268764969032745
M026,Random Forest,-0.11133838730390533,-9.002045485735149
M088,Random Forest,-0.7693188154729158,-14.923869339256242
M100,Random Forest,-0.2155072197824328,-9.939564978041895
M066,Random Forest,0.009339843345043453,-7.915941409894609
M065,Random Forest,-2.9036203800900577,-34.13258342081052
M035,Elastic Net,-1.9070674497577351,-25.163607047819617
M027,Gradient Boost,-0.08614826503072681,-8.77533438527654
M031,Ridge,0.15326880118746777,-6.62058078931279
M008,Random Forest,-0.6714446178411659,-14.043001560570493
M029,Lasso,-2.298710895180501,-28.68839805662451
M061,Random Forest,0.002843908573128995,-7.974404822841839
M053,Random Forest,-0.4621767890613915,-12.159591101552524
M044,Gradient Boost,0.19596272497064704,-6.236335475264177
M083,Random Forest,0.16290491794606898,-6.5338557384853795
M023,Linear Reg,-0.17101475677483657,-9.539132810973529
M001,Lasso,-0.05399253643519564,-8.485932827916761
M072,Random Forest,-0.08854786970132111,-8.79693082731189
M046,Random Forest,-3.370038925088836,-38.33035032579952
M012,Linear Reg,0.1991659093928102,
M075,Random Forest,-12.981240110480822,-124.8311609943274
M076,Ridge,-1.1221198516474438,-18.099078664826994
M098,Linear Reg,-1.2043104175679402,-18.83879375811146
M021,Elastic Net,-0.574959427733519,-13.174634849601672
M096,Random Forest,-1.1230190667635953,-18.10717160087236
M022,Linear Reg,-0.08720126338035872,
M095,Random Forest,0.09122507465317464,-7.178974328121429
M041,Random Forest,-0.05620768131607279,-8.505869131844655
M070,Ridge,-1.054014497417893,-17.486130476761037
M030,Random Forest,-3.4543461999759026,-39.08911579978312
M033,Linear Reg,-0.3775261087315047,-11.397734978583543
M079,Ridge,-0.9132357167520118,-16.219121450768107
M042,Random Forest,-0.6707639047734255,-14.03687514296083
M036,Elastic Net,-0.4937889599416838,-12.444100639475154
M056,Random Forest,-3.0704978967967183,-35.63448107117046
M058,Linear Reg,-2.3651942809815196,-29.286748528833677
M015,Random Forest,-0.9642398898934554,-16.6781590090411
M063,Gradient Boost,-1.4420660029247356,-20.97859402632262
M089,Random Forest,-2.1910023356146433,-27.71902102053179
M093,Random Forest,0.0287694998544773,-7.741074501309704
M045,Ridge,-1.3950852605468849,-20.555767344921964
M005,Ridge,0.23785352642525392,-5.859318262172715
M078,Linear Reg,0.06718315959674359,-7.395351563629308
M037,Elastic Net,-0.1882224880370964,-9.694002392333868
M069,Random Forest,-3.468742135321384,-39.21867921789246
M087,Linear Reg,-2.344293237675723,-29.098639139081506
M020,Random Forest,-0.4323624592160078,-11.891262132944071
M007,Random Forest,-0.12616573728189806,-9.135491635537083
M017,Lasso,-0.11202286722097488,-9.008205804988775
M094,Elastic Net,0.3763525743223336,-4.612826831098998
M071,Linear Reg,-0.5687285479036601,-13.118556931132941
M090,Random Forest,-0.7199213905509831,-14.479292514958848
M097,Lasso,-0.4627404846050669,-12.164664361445602
M043,Gradient Boost,-0.32378504449581724,-10.914065400462356
M011,Gradient Boost,-0.33586783395873954,-11.022810505628655
M049,Linear Reg,-0.7557936004667933,-14.80214240420114
M040,Random Forest,-0.1094617339985835,-8.985155605987252
M034,Elastic Net,-0.022912317420625827,-8.206210856785633
M014,Linear Reg,-0.050125121278985274,-8.451126091510867
M004,Gradient Boost,-0.14376883216364167,-9.293919489472774
M057,Random Forest,-0.86143184548985,-15.752886609408648
M055,Random Forest,-3.9791848168318387,-43.81266335148655
M038,Random Forest,-3.7936707753971337,-42.1430369785742
M025,Random Forest,-1.8349526111529042,-24.514573500376137
M024,Random Forest,-0.0010575154534300246,-8.00951763908087
M085,Gradient Boost,-0.8610283694248866,-15.74925532482398
M016,Random Forest,-0.3424626551538894,-11.082163896385005
M018,Random Forest,-0.008156497428275289,-8.073408476854478
M068,Random Forest,-0.21159961729232268,-9.904396555630903
M002,Elastic Net,-0.04050567393757731,-8.364551065438196
M062,Random Forest,0.27164301359466103,-5.555212877648051
M052,Elastic Net,-0.33881803736163807,-11.049362336254742
M047,Random Forest,-1.261763130550695,-19.355868174956253
M054,Random Forest,-2.9006587498821204,-34.105928748939085
M099,Random Forest,-2.3175634270834715,-28.858070843751243
M074,Random Forest,-3.1020941439166583,-35.918847295249925
M028,Elastic Net,0.1318073359776214,-6.813733976201408
M019,Lasso,-0.5742799557991163,-13.168519602192047
M084,Random Forest,-3.5807927390692864,-40.22713465162358
M039,Gradient Boost,0.46019559532748067,-3.8582396420526743
M060,Gradient Boost,0.026283970295319148,-7.763444267342127
M073,Gradient Boost,-7.988086083948016,-79.89277475553214
M059,Random Forest,-0.7750619853361735,-14.975557868025561
M086,Random Forest,-5.793843119290985,-60.14458807361886
M050,Random Forest,-5.217505215777032,-54.957546941993286
M081,Random Forest,0.27707912817978086,-5.506287846381972
M009,Linear Reg,-1.4739698409369408,-21.26572856843247
M077,Random Forest,0.155419946281818,-6.6012204834636385
M091,Random Forest,-0.9012319281973553,-16.1110873537762
M051,Elastic Net,-0.8143789421426133,-15.32941047928352
M010,Random Forest,-0.761347344200451,-14.85212609780406
M032,Random Forest,-5.465333130049761,-57.187998170447855
M082,Gradient Boost,-3.905161052157199,-43.14644946941479
M006,Random Forest,-0.4744581501107228,-12.270123350996505
M092,Random Forest,0.09367048418281565,-7.15696564235466
M080,Gradient Boost,-2.12814888130368,-27.15333993173312
